{
    "eval_loss": 0.000423980294726789,
    "eval_rouge1": 0.9999767316017316,
    "eval_rouge2": 0.9999651162790698,
    "eval_rougeL": 0.9999767316017315,
    "eval_rougeLsum": 0.9999767316017316,
    "eval_bleu": 0.9994504373062225,
    "eval_runtime": 1664.5515,
    "eval_samples_per_second": 1.202,
    "eval_steps_per_second": 1.202,
    "epoch": 2.0
}